index,path_id,bandwidth_gbps,is_degraded
0,36012,15.10,0
1,36012,14.60,0
2,65441,17.00,0
3,65441,18.30,0
4,31572,19.90,0
5,31572,19.90,0
6,36012,19.90,0
7,36012,13.10,0
8,36012,17.40,0
9,36012,17.40,0
10,35431,20.40,0
11,35431,15.40,0
12,31572,20.60,0
13,31572,14.80,0
14,35431,20.40,0
15,35431,20.50,0
16,36012,20.50,0
17,36012,20.30,0
18,36012,20.40,0
19,56659,14.50,0
20,56659,20.20,0
21,56659,20.60,0
22,56659,20.30,0
23,35431,20.40,0
24,35431,19.70,0
25,35431,20.40,0
26,35431,20.10,0
27,16513,12.80,0
28,16513,16.10,0
29,16513,16.90,0
30,16513,19.80,0
31,16513,19.60,0
32,16513,15.90,0
33,16513,13.60,0
34,16513,11.80,1
35,16513,9.60,1
36,16513,19.20,0
37,16513,18.70,0
38,16513,19.50,0
39,16513,13.40,0
40,16513,19.50,0
41,16513,20.40,0
42,16513,15.30,0
43,16513,19.70,0
44,16513,19.70,0
45,16513,20.20,0
46,16513,16.60,0
47,16513,19.90,0
48,16513,19.80,0
49,16513,20.40,0
50,16513,8.70,1
51,16513,19.70,0
52,16513,18.90,0
53,16513,11.90,1
54,16513,12.90,0
55,16513,19.90,0
56,16513,9.40,1
57,16513,8.90,1
58,16513,19.20,0
59,16513,11.70,1
60,16513,14.30,0
61,16513,10.80,1
62,16513,16.70,0
63,16513,16.30,0
64,16513,19.90,0
65,16513,17.80,0
66,16513,19.10,0
67,16513,19.90,0
68,16513,19.70,0
69,16513,10.70,1
70,16513,14.40,0
71,16513,15.40,0
72,16513,11.20,1
73,16513,9.40,1
74,16513,19.60,0
75,16513,10.30,1
76,16513,17.50,0
77,16513,10.60,1
78,16513,18.90,0
79,16513,9.40,1
80,16513,19.30,0
81,16513,20.00,0
82,16513,19.30,0
83,16513,19.70,0
84,16513,19.70,0
85,16513,20.20,0
86,16513,12.30,1
87,16513,19.60,0
88,16513,17.60,0
89,16513,10.80,1
90,16513,19.80,0
91,16513,10.10,1
92,16513,19.70,0
93,16513,20.40,0
94,16513,19.90,0
95,16513,19.80,0
96,16513,19.70,0
97,16513,20.10,0
98,16513,9.10,1
99,16513,12.10,1
100,16513,13.20,0
101,16513,20.30,0
102,16513,19.90,0
103,16513,19.60,0
104,16513,19.70,0
105,16513,18.40,0
106,16513,10.40,1
107,16513,16.20,0
108,16513,12.50,0
109,16513,10.80,1
110,16513,17.10,0
111,16513,11.20,1
112,16513,14.40,0
113,16513,19.90,0
114,16513,19.90,0
115,16513,16.20,0
116,16513,14.40,0
117,16513,19.60,0
118,16513,9.80,1
119,16513,17.90,0
120,16513,9.00,1
121,16513,13.00,0
122,16513,19.30,0
123,16513,10.80,1
124,16513,19.60,0
125,16513,20.10,0
126,16513,10.30,1
127,16513,19.90,0
128,16513,13.30,0
129,16513,10.50,1
130,16513,18.90,0
131,16513,13.60,0
132,16513,13.80,0
133,16513,20.20,0
134,16513,14.00,0
135,16513,16.50,0
136,16513,17.00,0
137,16513,20.40,0
138,16513,12.90,0
139,16513,19.90,0
140,16513,16.60,0
141,16513,12.80,0
142,16513,19.70,0
143,16513,12.20,1
144,16513,15.70,0
145,16513,20.10,0
146,16513,14.10,0
147,16513,19.80,0
148,16513,14.60,0
149,16513,11.80,1
150,16513,17.30,0
151,16513,17.10,0
152,16513,10.20,1
153,16513,15.20,0
154,16513,19.70,0
155,16513,14.60,0
156,16513,19.70,0
157,16513,20.10,0
158,16513,10.40,1
159,16513,19.50,0
160,16513,17.30,0
161,16513,10.80,1
162,16513,19.90,0
163,16513,11.80,1
164,16513,13.40,0
165,16513,16.90,0
166,16513,19.70,0
167,16513,19.70,0
168,16513,19.70,0
169,16513,11.50,1
170,16513,17.70,0
171,16513,13.60,0
172,16513,11.40,1
173,16513,11.10,1
174,16513,13.30,0
175,16513,19.20,0
176,16513,19.20,0
177,16513,9.50,1
178,16513,16.70,0
179,16513,17.60,0
180,16513,10.40,1
181,16513,10.10,1
182,16513,19.10,0
183,16513,15.90,0
184,16513,19.00,0
185,16513,20.00,0
186,16513,19.10,0
187,16513,19.60,0
188,16513,19.70,0
189,16513,10.30,1
190,16513,18.70,0
191,16513,17.70,0
192,16513,10.20,1
193,16513,13.00,0
194,16513,19.10,0
195,16513,13.30,0
196,16513,19.60,0
197,16513,6.30,1
198,16513,15.30,0
199,16513,15.80,0
200,16513,10.60,1
201,16513,10.30,1
202,16513,17.90,0
203,16513,20.00,0
204,16513,13.70,0
205,16513,9.30,1
206,16513,19.90,0
207,16513,12.60,0
208,16513,15.90,0
209,16513,7.10,1
210,16513,9.30,1
211,16513,19.90,0
212,16513,10.20,1
213,16513,9.70,1
214,16513,7.20,1
215,16513,17.80,0
216,16513,10.80,1
217,16513,8.80,1
218,16513,17.90,0
219,16513,17.50,0
220,16513,14.40,0
221,16513,18.40,0
222,16513,13.20,0
223,16513,19.70,0
224,16513,15.30,0
225,16513,6.00,1
226,16513,19.80,0
227,16513,20.60,0
228,16513,11.00,1
229,36012,20.70,0
230,36012,14.00,0
231,16513,20.50,0
232,16513,20.20,0
233,16513,13.20,0
234,16513,19.50,0
235,31572,8.50,1
236,31572,19.40,0
237,56659,11.40,1
238,16513,20.70,0
239,16513,20.50,0
240,16513,20.40,0
241,16513,20.50,0
242,16513,20.10,0
243,16513,10.70,1
244,16513,12.70,0
245,16513,16.00,0
246,16513,13.00,0
247,16513,20.20,0
248,16513,20.20,0
249,16513,20.00,0
250,16513,20.40,0
251,16513,20.50,0
252,16513,20.20,0
253,16513,11.30,1
254,16513,13.70,0
255,16513,14.20,0
256,16513,12.50,0
257,16513,20.50,0
258,16513,20.30,0
259,16513,20.50,0
260,16513,20.30,0
261,16513,20.10,0
262,16513,20.20,0
263,16513,20.20,0
264,16513,20.20,0
265,16513,11.90,1
266,16513,14.20,0
267,16513,13.90,0
268,16513,11.70,1
269,16513,20.50,0
270,16513,20.20,0
271,16513,20.30,0
272,16513,20.10,0
273,16513,20.00,0
274,16513,20.40,0
275,16513,11.30,1
276,16513,12.50,0
277,16513,16.20,0
278,16513,14.10,0
279,16513,20.10,0
280,16513,20.30,0
281,16513,20.40,0
282,16513,10.40,1
283,16513,20.30,0
284,16513,19.40,0
285,16513,20.40,0
286,16513,20.20,0
287,16513,18.10,0
288,16513,15.30,0
289,16513,13.40,0
290,16513,15.80,0
291,16513,19.80,0
292,16513,20.40,0
293,16513,19.00,0
294,16513,14.60,0
295,16513,14.00,0
296,16513,17.60,0
297,16513,19.60,0
298,16513,20.40,0
299,16513,17.20,0
300,16513,13.50,0
301,16513,15.10,0
302,16513,14.50,0
303,16513,19.70,0
304,16513,20.40,0
305,16513,19.80,0
306,16513,15.50,0
307,16513,13.20,0
308,16513,16.90,0
309,16513,19.60,0
310,16513,20.50,0
311,16513,17.90,0
312,16513,13.70,0
313,16513,15.00,0
314,16513,19.80,0
315,16513,20.00,0
316,16513,20.50,0
317,16513,15.80,0
318,16513,12.40,0
319,16513,16.70,0
320,16513,20.30,0
321,16513,19.80,0
322,16513,20.30,0
323,16513,14.10,0
324,16513,11.80,1
325,16513,17.80,0
326,16513,20.40,0
327,16513,19.70,0
328,16513,20.30,0
329,16513,13.20,0
330,16513,10.90,1
331,16513,20.50,0
332,16513,16.20,0
333,16513,12.70,0
334,36012,13.90,0
335,36012,19.80,0
336,36012,12.60,0
337,36012,16.60,0
338,16513,19.90,0
339,16513,11.10,1
340,16513,13.40,0
341,16513,19.70,0
342,16513,18.40,0
343,16513,20.20,0
344,16513,13.20,0
345,16513,20.60,0
346,35431,15.90,0
347,35431,14.80,0
348,35431,20.30,0
349,16513,20.40,0
350,16513,13.50,0
351,16513,20.30,0
352,16513,19.80,0
353,16513,20.40,0
354,16513,12.40,0
355,16513,14.40,0
356,16513,14.10,0
357,16513,16.60,0
358,16513,20.10,0
359,16513,20.60,0
360,16513,19.60,0
361,16513,15.80,0
362,16513,13.00,0
363,16513,12.40,0
364,16513,19.70,0
365,16513,20.40,0
366,16513,16.40,0
367,16513,12.80,0
368,16513,16.00,0
369,16513,20.40,0
370,16513,19.80,0
371,16513,20.30,0
372,16513,14.40,0
373,16513,12.30,1
374,16513,17.00,0
375,16513,20.20,0
376,16513,19.80,0
377,16513,20.20,0
378,16513,15.90,0
379,16513,13.60,0
380,16513,15.00,0
381,16513,17.00,0
382,16513,19.70,0
383,16513,20.00,0
384,16513,19.10,0
385,16513,15.80,0
386,16513,13.00,0
387,16513,15.90,0
388,16513,19.90,0
389,16513,20.20,0
390,16513,19.70,0
391,16513,6.20,1
392,16513,9.90,1
393,16513,12.80,0
394,16513,19.10,0
395,16513,19.20,0
396,16513,20.30,0
397,16513,20.00,0
398,16513,19.20,0
399,16513,6.40,1
400,16513,17.10,0
401,16513,11.20,1
402,16513,19.60,0
403,16513,6.80,1
404,16513,12.80,0
405,16513,11.20,1
406,16513,19.80,0
407,16513,14.60,0
408,16513,12.00,1
409,16513,19.60,0
410,16513,16.10,0
411,16513,10.80,1
412,16513,17.40,0
413,16513,9.70,1
414,16513,19.60,0
415,16513,18.10,0
416,16513,15.10,0
417,16513,17.50,0
418,16513,19.60,0
419,16513,6.20,1
420,16513,13.60,0
421,16513,13.20,0
422,16513,11.70,1
423,16513,11.70,1
424,16513,17.70,0
425,16513,19.90,0
426,16513,15.60,0
427,16513,7.50,1
428,16513,20.20,0
429,16513,11.50,1
430,16513,18.10,0
431,16513,7.10,1
432,16513,9.30,1
433,16513,19.80,0
434,16513,11.00,1
435,16513,8.40,1
436,16513,7.20,1
437,16513,20.10,0
438,16513,10.10,1
439,16513,6.00,1
440,16513,16.50,0
441,16513,9.90,1
442,16513,19.80,0
443,16513,20.30,0
444,16513,18.70,0
445,16513,17.60,0
446,16513,11.10,1
447,16513,15.30,0
448,16513,11.30,1
449,16513,19.80,0
450,16513,9.40,1
451,16513,19.50,0
452,16513,19.20,0
453,16513,19.80,0
454,16513,5.20,1
455,16513,16.50,0
456,16513,15.20,0
457,16513,8.60,1
458,16513,5.60,1
459,16513,19.80,0
460,16513,19.70,0
461,16513,8.10,1
462,16513,8.20,1
463,16513,19.20,0
464,16513,19.50,0
465,16513,7.10,1
466,16513,9.30,1
467,16513,17.40,0
468,16513,18.90,0
469,16513,6.40,1
470,16513,10.90,1
471,16513,19.40,0
472,16513,10.90,1
473,16513,8.50,1
474,16513,7.10,1
475,16513,20.10,0
476,16513,10.60,1
477,16513,9.20,1
478,16513,7.50,1
479,16513,17.40,0
480,16513,10.40,1
481,16513,10.10,1
482,16513,18.00,0
483,16513,19.90,0
484,16513,19.70,0
485,16513,6.70,1
486,16513,19.80,0
487,16513,10.90,1
488,16513,19.10,0
489,16513,8.20,1
490,16513,9.00,1
491,16513,20.40,0
492,16513,10.70,1
493,16513,7.90,1
494,16513,17.60,0
495,16513,11.20,1
496,16513,19.60,0
497,16513,11.10,1
498,16513,16.00,0
499,16513,19.90,0
500,16513,13.10,0
501,16513,9.10,1
502,16513,19.90,0
503,16513,19.00,0
504,16513,14.40,0
505,16513,7.50,1
506,16513,19.20,0
507,16513,11.50,1
508,16513,16.90,0
509,16513,8.60,1
510,16513,10.70,1
511,16513,15.80,0
512,16513,10.20,1
513,16513,10.20,1
514,16513,19.60,0
515,16513,13.80,0
516,16513,19.60,0
517,16513,19.60,0
518,16513,19.80,0
519,16513,14.80,0
520,16513,19.80,0
521,16513,11.40,1
522,16513,19.60,0
523,16513,20.30,0
524,16513,19.80,0
525,16513,19.80,0
526,16513,19.70,0
527,16513,16.90,0
528,16513,9.70,1
529,16513,14.80,0
530,16513,12.70,0
531,16513,15.20,0
532,16513,14.20,0
533,16513,19.30,0
534,16513,19.50,0
535,16513,20.40,0
536,16513,17.60,0
537,16513,19.70,0
538,16513,10.50,1
539,16513,16.20,0
540,16513,19.70,0
541,16513,11.40,1
542,16513,12.20,1
543,16513,10.80,1
544,16513,19.60,0
545,16513,15.50,0
546,16513,19.70,0
547,16513,20.00,0
548,16513,9.90,1
549,16513,19.60,0
550,16513,13.00,0
551,16513,17.20,0
552,16513,10.30,1
553,16513,9.60,1
554,16513,17.30,0
555,16513,19.60,0
556,16513,18.10,0
557,16513,8.50,1
558,16513,8.60,1
559,16513,19.60,0
560,16513,19.10,0
561,16513,6.00,1
562,16513,11.30,1
563,16513,9.20,1
564,16513,19.60,0
565,16513,20.20,0
566,16513,20.10,0
567,16513,19.50,0
568,16513,19.20,0
569,16513,6.00,1
570,16513,15.80,0
571,16513,8.40,1
572,16513,19.30,0
573,16513,15.90,0
574,16513,11.30,1
575,16513,19.40,0
576,16513,19.10,0
577,16513,15.10,0
578,16513,19.70,0
579,16513,20.20,0
580,16513,15.40,0
581,16513,19.90,0
582,16513,19.90,0
583,16513,15.80,0
584,16513,12.80,0
585,16513,18.60,0
586,16513,9.90,1
587,16513,20.30,0
588,16513,19.80,0
589,16513,19.90,0
590,16513,19.60,0
591,16513,20.10,0
592,16513,10.30,1
593,16513,19.80,0
594,16513,12.70,0
595,16513,10.90,1
596,16513,14.10,0
597,16513,11.30,1
598,16513,16.50,0
599,16513,20.50,0
600,16513,19.80,0
601,16513,19.60,0
602,16513,19.90,0
603,56659,20.40,0
604,56659,14.30,0
605,31572,14.60,0
606,31572,19.60,0
607,65441,19.70,0
608,65441,20.70,0
609,10145,20.40,0
610,10145,20.60,0
611,16080,20.60,0
612,16080,15.10,0
613,31572,14.60,0
614,31572,20.30,0
615,36012,20.20,0
616,36012,12.50,0
617,65441,19.70,0
618,36012,20.20,0
619,36012,19.70,0
620,36012,20.40,0
621,36012,19.80,0
622,36012,20.20,0
623,10145,20.20,0
624,10145,20.10,0
625,10145,20.10,0
626,10145,20.20,0
627,56659,20.70,0
628,56659,20.60,0
629,56659,20.50,0
630,56659,16.30,0
631,56659,20.10,0
632,56659,19.90,0
633,16080,20.30,0
634,16080,19.90,0
635,31572,20.40,0
636,31572,19.90,0
637,35431,20.40,0
638,35431,20.40,0
639,31572,20.20,0
640,31572,15.80,0
641,56659,20.50,0
642,56659,19.90,0
643,31572,19.50,0
644,31572,19.30,0
645,56659,13.10,0
646,56659,19.80,0
647,35431,17.40,0
648,10145,19.70,0
649,10145,20.30,0
650,36012,20.50,0
651,36012,15.20,0
652,56659,20.40,0
653,56659,20.50,0
654,36012,20.30,0
655,36012,19.80,0
656,36012,20.10,0
657,36012,19.70,0
658,36012,20.20,0
659,16080,20.50,0
660,31572,20.10,0
661,31572,19.60,0
662,35431,20.50,0
663,35431,19.70,0
664,35431,14.60,0
665,35431,19.90,0
666,10145,14.70,0
667,10145,20.60,0
668,31572,20.60,0
669,31572,13.20,0
670,56659,14.90,0
671,56659,20.00,0
672,56659,20.50,0
673,56659,20.20,0
674,36012,20.50,0
675,36012,20.70,0
676,36012,20.40,0
677,35431,20.00,0
678,35431,19.70,0
679,16080,8.10,1
680,16080,11.80,1
681,16080,13.80,0
682,16080,14.30,0
683,36012,10.90,1
684,36012,11.80,1
685,56659,9.50,1
686,56659,15.30,0
687,31572,12.80,0
688,31572,16.10,0
689,16080,15.20,0
690,16080,10.80,1
691,36012,20.50,0
692,36012,20.60,0
693,36012,20.20,0
694,56659,20.60,0
695,56659,20.50,0
696,56659,20.60,0
697,56659,14.60,0
698,56659,19.80,0
699,56659,19.70,0
700,35431,17.10,0
701,35431,19.80,0
702,35431,19.70,0
703,35431,14.70,0
704,35431,20.40,0
705,35431,20.20,0
706,16080,13.10,0
707,16080,20.10,0
708,36012,20.10,0
709,36012,20.00,0
710,35431,20.30,0
711,35431,19.70,0
712,36012,20.20,0
713,36012,20.20,0
714,16080,20.20,0
715,16080,19.00,0
716,16080,20.10,0
717,16080,19.10,0
718,31572,20.50,0
719,31572,20.30,0
720,56659,20.60,0
721,56659,14.70,0
722,56659,20.60,0
723,56659,15.60,0
724,35431,20.50,0
725,35431,19.80,0
726,35431,20.60,0
727,35431,14.90,0
728,35431,20.30,0
729,35431,20.40,0
730,31572,19.80,0
731,31572,18.20,0
732,36012,20.60,0
733,36012,20.20,0
734,31572,19.10,0
735,31572,20.20,0
736,36012,20.50,0
737,36012,20.10,0
738,36661,20.20,0
739,36661,20.20,0
740,16080,20.30,0
741,16080,20.10,0
742,31572,20.40,0
743,31572,20.50,0
744,36012,20.10,0
745,36012,19.60,0
746,36661,20.50,0
747,36661,14.70,0
748,36661,20.10,0
749,36661,20.60,0
750,36661,20.60,0
751,36661,19.80,0
752,35431,13.80,0
753,35431,19.50,0
754,35431,19.40,0
755,35431,20.10,0
756,36012,20.60,0
757,36012,20.60,0
758,36012,20.30,0
759,36012,19.60,0
760,16080,20.50,0
761,16080,19.90,0
762,56659,20.30,0
763,56659,18.10,0
764,56659,15.70,0
765,56659,20.00,0
766,56659,19.60,0
767,35431,20.10,0
768,35431,19.70,0
769,36012,20.20,0
770,36012,20.60,0
771,36661,19.20,0
772,36661,15.70,0
773,35431,14.70,0
774,35431,20.30,0
775,10145,19.70,0
776,10145,20.00,0
777,56659,20.30,0
778,56659,20.50,0
779,36012,20.50,0
780,36012,14.30,0
781,36012,20.00,0
782,36012,20.10,0
783,36661,20.30,0
784,36012,20.40,0
785,36012,19.70,0
786,36012,20.10,0
787,36012,19.70,0
788,35431,20.20,0
789,35431,20.40,0
790,35431,20.40,0
791,35431,20.10,0
792,56659,20.40,0
793,56659,15.60,0
794,65441,19.10,0
795,65441,15.40,0
796,16080,20.60,0
797,16080,20.10,0
798,35431,19.90,0
799,35431,19.90,0
800,10145,20.40,0
801,10145,20.10,0
802,10145,20.30,0
803,10145,19.90,0
804,10145,20.50,0
805,16080,19.30,0
806,16080,19.60,0
807,56659,20.80,0
808,56659,15.30,0
809,56659,16.80,0
810,56659,20.10,0
811,56659,19.60,0
812,65441,20.40,0
813,65441,20.10,0
814,35431,19.90,0
815,35431,20.10,0
816,16080,15.70,0
817,16080,14.60,0
818,10145,19.70,0
819,10145,20.10,0
820,35431,20.40,0
821,35431,20.20,0
822,31572,20.30,0
823,31572,13.60,0
824,56659,20.30,0
825,56659,13.50,0
826,10145,20.40,0
827,10145,19.90,0
828,31572,20.20,0
829,31572,19.90,0
830,10145,20.00,0
831,10145,20.40,0
832,56659,20.60,0
833,56659,14.90,0
834,35431,20.30,0
835,35431,20.60,0
836,65441,20.30,0
837,65441,20.10,0
838,36012,20.50,0
839,36012,20.10,0
840,35431,14.00,0
841,35431,15.20,0
842,65441,15.30,0
843,65441,13.10,0
844,35431,20.50,0
845,35431,20.10,0
846,31572,17.30,0
847,31572,19.50,0
848,35431,19.80,0
849,35431,19.40,0
850,10145,20.60,0
851,10145,15.00,0
852,35431,20.40,0
853,36012,20.00,0
854,36012,20.10,0
855,36012,20.20,0
856,36012,18.90,0
857,10145,20.10,0
858,10145,20.00,0
859,10145,20.20,0
860,56659,20.50,0
861,56659,20.10,0
862,16080,20.30,0
863,31572,20.60,0
864,31572,19.90,0
865,56659,17.80,0
866,56659,20.10,0
867,65441,20.60,0
868,65441,20.30,0
869,65441,20.20,0
870,65441,20.10,0
871,35431,20.50,0
872,35431,20.50,0
873,36661,20.70,0
874,36012,18.60,0
875,31572,20.60,0
876,31572,15.50,0
877,56659,20.60,0
878,56659,20.50,0
879,65441,20.40,0
880,65441,20.40,0
881,65441,19.60,0
882,65441,17.60,0
883,35431,20.40,0
884,35431,15.70,0
885,36661,20.00,0
886,36661,19.30,0
887,56659,18.90,0
888,56659,14.10,0
889,65441,20.60,0
890,65441,20.10,0
891,36661,18.10,0
892,36661,18.40,0
893,36661,19.60,0
894,36661,19.40,0
895,16080,20.40,0
896,16080,20.20,0
897,36661,20.60,0
898,36661,18.00,0
899,36661,20.50,0
900,35431,20.50,0
901,35431,19.90,0
902,35431,20.30,0
